BEGIN TRANSACTION;
CREATE TABLE IF NOT EXISTS "ARU" (
	"aru_kod"	INTEGER NOT NULL,
	"kat_kod"	INTEGER,
	"nev"	TEXT,
	"egyseg"	TEXT,
	"ar"	INTEGER,
	PRIMARY KEY("aru_kod" AUTOINCREMENT)
);
CREATE TABLE IF NOT EXISTS "ELADAS" (
	"aru_kod"	INTEGER NOT NULL,
	"mennyiseg"	INTEGER NOT NULL,
	PRIMARY KEY("aru_kod","mennyiseg")
);
CREATE TABLE IF NOT EXISTS "KATEGORIA" (
	"kat_kod"	INTEGER NOT NULL,
	"kat_nev"	TEXT,
	PRIMARY KEY("kat_kod" AUTOINCREMENT)
);
CREATE TABLE IF NOT EXISTS "ARFOLYAM" (
	"deviza"	varchar(255) NOT NULL,
	"datum"	date NOT NULL,
	"arfolyam"	double precision,
	PRIMARY KEY("deviza","datum")
);
CREATE TABLE IF NOT EXISTS "DEVIZA" (
	"kod"	varchar(255) NOT NULL,
	PRIMARY KEY("kod")
);
INSERT INTO "ARU" VALUES (1,3,'Tejföl 20%-os','doboz',175);
INSERT INTO "ARU" VALUES (2,3,'Camembert','doboz',239);
INSERT INTO "ARU" VALUES (3,3,'Tejszínhab-spray','liter',676);
INSERT INTO "ARU" VALUES (4,3,'Pötyös Túró Rudi','darab',42);
INSERT INTO "ARU" VALUES (5,3,'Sovány tej','liter',145);
INSERT INTO "ARU" VALUES (6,3,'Zsíros tej','liter',169);
INSERT INTO "ARU" VALUES (7,3,'Medve sajt','doboz',209);
INSERT INTO "ARU" VALUES (8,3,'Eidami sajt','doboz',1222);
INSERT INTO "ARU" VALUES (9,1,'Téliszalámi','kg',2899);
INSERT INTO "ARU" VALUES (10,1,'Bánáti kolbász','kg',549);
INSERT INTO "ARU" VALUES (11,1,'Füstölt-fõtt pulykamell sonka','kg',1199);
INSERT INTO "ARU" VALUES (12,1,'Füstölt-fõtt pulyka alsócomb','kg',629);
INSERT INTO "ARU" VALUES (13,1,'Baromfi párizsi','kg',209);
INSERT INTO "ARU" VALUES (14,1,'Szeletelt bacon','kg',1490);
INSERT INTO "ARU" VALUES (15,1,'Erdélyi szalonna','kg',599);
INSERT INTO "ARU" VALUES (16,1,'Farmer felvágott','kg',579);
INSERT INTO "ARU" VALUES (17,1,'Sertéscomb csont nélkül','kg',829);
INSERT INTO "ARU" VALUES (18,1,'Sertés hátsó csülök','kg',559);
INSERT INTO "ARU" VALUES (19,1,'Marha darálthús','kg',899);
INSERT INTO "ARU" VALUES (20,1,'Sertéslapocka','kg',739);
INSERT INTO "ARU" VALUES (21,1,'Sertés darálthús','kg',539);
INSERT INTO "ARU" VALUES (22,1,'Sertéstarja csont nélkül','kg',1099);
INSERT INTO "ARU" VALUES (23,1,'Marha párizsi','kg',899);
INSERT INTO "ARU" VALUES (24,2,'Sütõtök','kg',49);
INSERT INTO "ARU" VALUES (25,2,'Karfiol','kg',168);
INSERT INTO "ARU" VALUES (26,2,'Zöldborsó','doboz',489);
INSERT INTO "ARU" VALUES (27,2,'Téli alma','kg',199);
INSERT INTO "ARU" VALUES (28,2,'Paradicsom','kg',239);
INSERT INTO "ARU" VALUES (29,6,'Ice Tea','doboz',229);
INSERT INTO "ARU" VALUES (30,6,'Ásványvíz','liter',119);
INSERT INTO "ARU" VALUES (31,6,'Almalé','liter',269);
INSERT INTO "ARU" VALUES (32,6,'Õszilé','liter',269);
INSERT INTO "ARU" VALUES (33,6,'Kajszilé','liter',269);
INSERT INTO "ARU" VALUES (34,4,'Piros mogyorós','darab',155);
INSERT INTO "ARU" VALUES (35,4,'Gabonapehely szelet','darab',52);
INSERT INTO "ARU" VALUES (36,4,'Boci csoki','darab',142);
INSERT INTO "ARU" VALUES (37,4,'Konyakos meggy','darab',712);
INSERT INTO "ARU" VALUES (38,4,'Sportszelet','darab',82);
INSERT INTO "ARU" VALUES (39,5,'La Pasta 4 tojásos tészta','kg',230);
INSERT INTO "ARU" VALUES (40,5,'Korona tészta','kg',290);
INSERT INTO "ARU" VALUES (41,5,'Füri tészta','kg',179);
INSERT INTO "ARU" VALUES (42,5,'Durillo tészta','kg',238);
INSERT INTO "ARU" VALUES (43,5,'Csigatészta','kg',320);
INSERT INTO "ARU" VALUES (44,5,'Cérnametélt','kg',332);
INSERT INTO "ARU" VALUES (45,5,'Szélesmetélt','kg',230);
INSERT INTO "ARU" VALUES (46,1,'Paprikás szalámi','kg',2899);
INSERT INTO "ELADAS" VALUES (6,1);
INSERT INTO "ELADAS" VALUES (13,2);
INSERT INTO "ELADAS" VALUES (16,3);
INSERT INTO "ELADAS" VALUES (25,8);
INSERT INTO "ELADAS" VALUES (26,8);
INSERT INTO "ELADAS" VALUES (37,8);
INSERT INTO "ELADAS" VALUES (46,10);
INSERT INTO "ELADAS" VALUES (19,10);
INSERT INTO "ELADAS" VALUES (35,12);
INSERT INTO "ELADAS" VALUES (38,12);
INSERT INTO "ELADAS" VALUES (22,13);
INSERT INTO "ELADAS" VALUES (23,14);
INSERT INTO "ELADAS" VALUES (5,16);
INSERT INTO "ELADAS" VALUES (27,16);
INSERT INTO "ELADAS" VALUES (10,19);
INSERT INTO "ELADAS" VALUES (33,20);
INSERT INTO "ELADAS" VALUES (30,22);
INSERT INTO "ELADAS" VALUES (41,24);
INSERT INTO "ELADAS" VALUES (29,25);
INSERT INTO "ELADAS" VALUES (24,26);
INSERT INTO "ELADAS" VALUES (40,26);
INSERT INTO "ELADAS" VALUES (17,27);
INSERT INTO "ELADAS" VALUES (21,28);
INSERT INTO "ELADAS" VALUES (8,29);
INSERT INTO "ELADAS" VALUES (28,29);
INSERT INTO "ELADAS" VALUES (42,29);
INSERT INTO "ELADAS" VALUES (2,31);
INSERT INTO "ELADAS" VALUES (9,33);
INSERT INTO "ELADAS" VALUES (31,33);
INSERT INTO "ELADAS" VALUES (18,35);
INSERT INTO "ELADAS" VALUES (36,35);
INSERT INTO "ELADAS" VALUES (7,36);
INSERT INTO "ELADAS" VALUES (11,39);
INSERT INTO "ELADAS" VALUES (44,41);
INSERT INTO "ELADAS" VALUES (45,41);
INSERT INTO "ELADAS" VALUES (4,42);
INSERT INTO "ELADAS" VALUES (12,42);
INSERT INTO "ELADAS" VALUES (39,43);
INSERT INTO "ELADAS" VALUES (15,45);
INSERT INTO "ELADAS" VALUES (14,46);
INSERT INTO "ELADAS" VALUES (34,46);
INSERT INTO "ELADAS" VALUES (43,47);
INSERT INTO "ELADAS" VALUES (1,48);
INSERT INTO "ELADAS" VALUES (3,48);
INSERT INTO "ELADAS" VALUES (32,49);
INSERT INTO "ELADAS" VALUES (20,50);
INSERT INTO "ELADAS" VALUES (50,1);
INSERT INTO "ELADAS" VALUES (51,23);
INSERT INTO "ELADAS" VALUES (52,1);
INSERT INTO "ELADAS" VALUES (53,2);
INSERT INTO "ELADAS" VALUES (54,2);
INSERT INTO "ELADAS" VALUES (55,1);
INSERT INTO "KATEGORIA" VALUES (1,'Húsáru');
INSERT INTO "KATEGORIA" VALUES (2,'Zöldség');
INSERT INTO "KATEGORIA" VALUES (3,'Tejtermék');
INSERT INTO "KATEGORIA" VALUES (4,'Édesség');
INSERT INTO "KATEGORIA" VALUES (5,'Tészták');
INSERT INTO "KATEGORIA" VALUES (6,'Üditõitalok');
COMMIT;
